id	shift	low_status	high_status
S001	-1.696567118028483	normal	standard_same_or_early
S002	3.545428566997387	normal	normal
S003	2.204774857751673	normal	normal
S004	6.207284187963694	standard_same_or_early	normal
S005	0.452470511291736	normal	normal
S006	-0.7702228964167404	normal	normal
S007	-4.17989896908864	normal	normal
S008	0.33404424270602817	standard_same_or_early	normal
S009	-2.8562436781393217	normal	normal
S010	-9.668951855353683	normal	normal
S011	-2.347238151282113	normal	normal
S012	-1.7283746138392502	normal	normal
S013	-0.256011357392822	standard_same_or_early	normal
S014	-0.5996600240833203	standard_same_or_early	normal
S015	1.902197337251053	normal	normal
S016	-2.6850713718748835	normal	normal
S017	-2.7160983159093632	pers_early	normal
S018	2.1801786036752873	normal	normal
S019	0.8775337148163231	standard_same_or_early	normal
S020	-11.302057222785251	normal	standard_same_or_early
S021	-2.1479048957915268	normal	normal
S022	-4.814575870528287	normal	normal
S023	-6.863952925984577	normal	normal
S024	2.0251675933392335	normal	standard_same_or_early
S025	-3.5674148602413283	normal	normal
S026	-6.7422327221371035	normal	normal
S027	-1.3108452381739397	standard_same_or_early	normal
S028	10.278687305451896	standard_only	pers_only
S029	0.6579694471111992	normal	normal
S030	-0.5711742350974447	normal	normal
S031	-0.4988520817955333	standard_same_or_early	normal
S032	2.144474231229495	normal	standard_same_or_early
S033	-4.0009531841146355	standard_same_or_early	normal
S034	-2.98034082240558	standard_same_or_early	normal
S035	-1.9579091603399092	normal	normal
S036	-5.193724688159264	pers_only	normal
S037	0.7766450688840649	normal	normal
S038	-0.23785228422455873	standard_same_or_early	normal
S039	-3.425071343517587	standard_same_or_early	normal
S040	0.9565644359005745	normal	normal
S041	-2.609798755354518	standard_same_or_early	normal
S042	-11.921270451123561	normal	standard_only
S043	-4.905854095913014	pers_only	normal
S044	-5.284606363325722	normal	normal
S045	-4.55726727313197	normal	normal
S046	-1.9863387451454457	pers_only	normal
S047	-1.6702835479840559	standard_same_or_early	normal
S048	0.5255331303395536	normal	standard_same_or_early
S049	0.7958011692123108	normal	normal
S050	-5.619965796558503	standard_same_or_early	normal
S051	-1.251648579463506	normal	standard_same_or_early
S052	-13.402814521225636	pers_only	normal
S053	1.5825646562277313	standard_same_or_early	normal
S054	-7.278398265254779	normal	standard_same_or_early
S055	3.714161867550146	normal	pers_only
S056	1.141999683680524	normal	normal
S057	-2.354727939205233	normal	normal
S058	0.2076019538473446	standard_only	normal
S059	1.3128374112737475	normal	normal
S060	3.340287308939409	standard_same_or_early	normal
S061	-0.5359701775715422	normal	normal
S062	-3.3123566774394106	standard_same_or_early	normal
S063	-6.850466885467824	normal	normal
S064	4.6331177007025985	normal	pers_only
S065	1.9766842867025645	normal	normal
S066	-2.4250988327784597	normal	normal
S067	2.001179220221232	standard_same_or_early	normal
S068	-3.2947585895164195	normal	standard_same_or_early
S069	-5.1343155674948235	normal	normal
S070	-7.209568313709539	normal	standard_only
S071	-3.5751573132770886	pers_early	normal
S072	3.2030974665046728	normal	standard_same_or_early
S073	4.783443991360784	normal	normal
S074	3.2265210743179153	normal	normal
S075	-3.860084949073851	normal	normal
S076	0.9798314518728262	normal	normal
S077	-8.19133184759896	pers_only	standard_only
S078	-0.8607727668792791	normal	normal
S079	-0.06982530538009257	standard_same_or_early	normal
S080	5.302404396130115	standard_only	normal
S081	-1.7894879285134806	normal	standard_same_or_early
S082	0.8788442086582506	normal	normal
S083	-10.500728660492257	standard_same_or_early	normal
S084	-2.4866936248734675	normal	normal
S085	-7.288103271465616	standard_same_or_early	normal
S086	-5.362441830953529	standard_same_or_early	normal
S087	2.1751044029709163	standard_same_or_early	normal
S088	-9.126720805137523	pers_early	normal
S089	-3.0111388594702504	normal	standard_only
S090	-3.1856258508010313	normal	normal
S091	0.862621494877331	normal	standard_same_or_early
S092	-4.447508647342389	standard_same_or_early	normal
S093	-4.813855767897039	normal	normal
S094	11.118903278951493	standard_same_or_early	normal
S095	-0.7067193841575801	normal	standard_same_or_early
S096	-1.975137724084405	normal	normal
S097	2.4283035724890993	standard_same_or_early	normal
S098	-1.9944430940326896	normal	normal
S099	-1.00863184959519	normal	normal
S100	-0.6455835552580282	standard_same_or_early	standard_same_or_early
