id	date	value	shift	low	pers_low	conf_low	high	pers_high	conf_high
S001	2010-01-01	77.08215765164636	-1.696567118028483	70.0	71.69656711802848	tn	130.0	131.6965671180285	tn
S001	2011-07-28	100.52553584183028	-1.696567118028483	70.0	71.69656711802848	tn	130.0	131.6965671180285	tn
S001	2013-02-21	92.28905522640582	-1.696567118028483	70.0	71.69656711802848	tn	130.0	131.6965671180285	tn
S001	2014-09-18	107.0825219881681	-1.696567118028483	70.0	71.69656711802848	tn	130.0	131.6965671180285	tn
S001	2016-04-14	96.72239578330615	-1.696567118028483	70.0	71.69656711802848	tn	130.0	131.6965671180285	tn
S001	2017-11-09	102.80176644201124	-1.696567118028483	70.0	71.69656711802848	tn	130.0	131.6965671180285	tn
S001	2019-06-06	133.52675727431796	-1.696567118028483	70.0	71.69656711802848	tn	130.0	131.6965671180285	tp
S001	2020-12-31	102.74833712495156	-1.696567118028483	70.0	71.69656711802848	tn	130.0	131.6965671180285	tn
S002	2010-01-01	100.65388322303862	3.545428566997387	70.0	66.45457143300261	tn	130.0	126.45457143300261	tn
S002	2013-09-01	105.27362249125466	3.545428566997387	70.0	66.45457143300261	tn	130.0	126.45457143300261	tn
S002	2017-05-02	104.22817337844322	3.545428566997387	70.0	66.45457143300261	tn	130.0	126.45457143300261	tn
S002	2020-12-31	110.86278416149952	3.545428566997387	70.0	66.45457143300261	tn	130.0	126.45457143300261	tn
S003	2010-01-01	116.29737658410929	2.204774857751673	70.0	67.79522514224833	tn	130.0	127.79522514224833	tn
S003	2011-05-18	120.4962786460058	2.204774857751673	70.0	67.79522514224833	tn	130.0	127.79522514224833	tn
S003	2012-10-01	94.39010771768828	2.204774857751673	70.0	67.79522514224833	tn	130.0	127.79522514224833	tn
S003	2014-02-15	110.33492421923746	2.204774857751673	70.0	67.79522514224833	tn	130.0	127.79522514224833	tn
S003	2015-07-02	125.7574173287256	2.204774857751673	70.0	67.79522514224833	tn	130.0	127.79522514224833	tn
S003	2016-11-15	124.64260493172908	2.204774857751673	70.0	67.79522514224833	tn	130.0	127.79522514224833	tn
S003	2018-04-01	114.82722134739753	2.204774857751673	70.0	67.79522514224833	tn	130.0	127.79522514224833	tn
S003	2019-08-16	124.94898474899104	2.204774857751673	70.0	67.79522514224833	tn	130.0	127.79522514224833	tn
S003	2020-12-31	119.01457599037906	2.204774857751673	70.0	67.79522514224833	tn	130.0	127.79522514224833	tn
S004	2010-01-01	116.34344993694988	6.207284187963694	70.0	63.792715812036306	tn	130.0	123.7927158120363	tn
S004	2011-03-23	106.6675878490277	6.207284187963694	70.0	63.792715812036306	tn	130.0	123.7927158120363	tn
S004	2012-06-11	117.04068143658856	6.207284187963694	70.0	63.792715812036306	tn	130.0	123.7927158120363	tn
S004	2013-09-01	68.04414694480158	6.207284187963694	70.0	63.792715812036306	fp	130.0	123.7927158120363	tn
S004	2014-11-21	117.74634862836896	6.207284187963694	70.0	63.792715812036306	tn	130.0	123.7927158120363	tn
S004	2016-02-10	57.27687020437146	6.207284187963694	70.0	63.792715812036306	tp	130.0	123.7927158120363	tn
S004	2017-05-02	86.15111147151194	6.207284187963694	70.0	63.792715812036306	tn	130.0	123.7927158120363	tn
S004	2018-07-22	118.77959159670796	6.207284187963694	70.0	63.792715812036306	tn	130.0	123.7927158120363	tn
S004	2019-10-11	119.16600264159514	6.207284187963694	70.0	63.792715812036306	tn	130.0	123.7927158120363	tn
S004	2020-12-31	94.56663088049426	6.207284187963694	70.0	63.792715812036306	tn	130.0	123.7927158120363	tn
S005	2010-01-01	85.61852760762048	0.452470511291736	70.0	69.54752948870826	tn	130.0	129.54752948870828	tn
S005	2011-03-23	126.5227842672554	0.452470511291736	70.0	69.54752948870826	tn	130.0	129.54752948870828	tn
S005	2012-06-11	92.85018178356542	0.452470511291736	70.0	69.54752948870826	tn	130.0	129.54752948870828	tn
S005	2013-09-01	98.99952223442962	0.452470511291736	70.0	69.54752948870826	tn	130.0	129.54752948870828	tn
S005	2014-11-21	117.13209555868973	0.452470511291736	70.0	69.54752948870826	tn	130.0	129.54752948870828	tn
S005	2016-02-10	94.84438632411192	0.452470511291736	70.0	69.54752948870826	tn	130.0	129.54752948870828	tn
S005	2017-05-02	77.84381987084859	0.452470511291736	70.0	69.54752948870826	tn	130.0	129.54752948870828	tn
S005	2018-07-22	91.23306780579628	0.452470511291736	70.0	69.54752948870826	tn	130.0	129.54752948870828	tn
S005	2019-10-11	92.34481853835923	0.452470511291736	70.0	69.54752948870826	tn	130.0	129.54752948870828	tn
S005	2020-12-31	72.40785479818713	0.452470511291736	70.0	69.54752948870826	tn	130.0	129.54752948870828	tn
S006	2010-01-01	86.30879787663021	-0.7702228964167404	70.0	70.77022289641674	tn	130.0	130.77022289641673	tn
S006	2012-10-01	111.30704564440327	-0.7702228964167404	70.0	70.77022289641674	tn	130.0	130.77022289641673	tn
S006	2015-07-02	97.9608573993706	-0.7702228964167404	70.0	70.77022289641674	tn	130.0	130.77022289641673	tn
S006	2018-04-01	93.1997430493782	-0.7702228964167404	70.0	70.77022289641674	tn	130.0	130.77022289641673	tn
S006	2020-12-31	95.84895032725312	-0.7702228964167404	70.0	70.77022289641674	tn	130.0	130.77022289641673	tn
S007	2010-01-01	87.23553675402094	-4.17989896908864	70.0	74.17989896908864	tn	130.0	134.17989896908864	tn
S007	2013-09-01	86.60740569474258	-4.17989896908864	70.0	74.17989896908864	tn	130.0	134.17989896908864	tn
S007	2017-05-02	118.8014084150996	-4.17989896908864	70.0	74.17989896908864	tn	130.0	134.17989896908864	tn
S007	2020-12-31	96.0461671009907	-4.17989896908864	70.0	74.17989896908864	tn	130.0	134.17989896908864	tn
S008	2010-01-01	92.48876971477782	0.33404424270602817	70.0	69.66595575729397	tn	130.0	129.66595575729397	tn
S008	2011-03-23	92.78212616452156	0.33404424270602817	70.0	69.66595575729397	tn	130.0	129.66595575729397	tn
S008	2012-06-11	62.87085021518066	0.33404424270602817	70.0	69.66595575729397	tp	130.0	129.66595575729397	tn
S008	2013-09-01	89.27380480598535	0.33404424270602817	70.0	69.66595575729397	tn	130.0	129.66595575729397	tn
S008	2014-11-21	96.86532546045686	0.33404424270602817	70.0	69.66595575729397	tn	130.0	129.66595575729397	tn
S008	2016-02-10	91.4473758496252	0.33404424270602817	70.0	69.66595575729397	tn	130.0	129.66595575729397	tn
S008	2017-05-02	95.31130133045218	0.33404424270602817	70.0	69.66595575729397	tn	130.0	129.66595575729397	tn
S008	2018-07-22	64.76754260267002	0.33404424270602817	70.0	69.66595575729397	tp	130.0	129.66595575729397	tn
S008	2019-10-11	90.7971813989742	0.33404424270602817	70.0	69.66595575729397	tn	130.0	129.66595575729397	tn
S008	2020-12-31	81.29228268197456	0.33404424270602817	70.0	69.66595575729397	tn	130.0	129.66595575729397	tn
S009	2010-01-01	117.361216072867	-2.8562436781393217	70.0	72.85624367813932	tn	130.0	132.85624367813932	tn
S009	2013-09-01	122.08764923175896	-2.8562436781393217	70.0	72.85624367813932	tn	130.0	132.85624367813932	tn
S009	2017-05-02	114.89421648534211	-2.8562436781393217	70.0	72.85624367813932	tn	130.0	132.85624367813932	tn
S009	2020-12-31	93.5260856883008	-2.8562436781393217	70.0	72.85624367813932	tn	130.0	132.85624367813932	tn
S010	2010-01-01	115.02954470702709	-9.668951855353683	70.0	79.66895185535368	tn	130.0	139.66895185535367	tn
S010	2012-10-01	105.34487086975535	-9.668951855353683	70.0	79.66895185535368	tn	130.0	139.66895185535367	tn
S010	2015-07-02	105.4886644489366	-9.668951855353683	70.0	79.66895185535368	tn	130.0	139.66895185535367	tn
S010	2018-04-01	115.88349860840616	-9.668951855353683	70.0	79.66895185535368	tn	130.0	139.66895185535367	tn
S010	2020-12-31	102.63796193987444	-9.668951855353683	70.0	79.66895185535368	tn	130.0	139.66895185535367	tn
S011	2010-01-01	102.21578630226952	-2.347238151282113	70.0	72.34723815128211	tn	130.0	132.3472381512821	tn
S011	2011-07-28	92.75203000426272	-2.347238151282113	70.0	72.34723815128211	tn	130.0	132.3472381512821	tn
S011	2013-02-21	97.81028028928846	-2.347238151282113	70.0	72.34723815128211	tn	130.0	132.3472381512821	tn
S011	2014-09-18	102.75831926929624	-2.347238151282113	70.0	72.34723815128211	tn	130.0	132.3472381512821	tn
S011	2016-04-14	87.08450869279925	-2.347238151282113	70.0	72.34723815128211	tn	130.0	132.3472381512821	tn
S011	2017-11-09	104.05085309071048	-2.347238151282113	70.0	72.34723815128211	tn	130.0	132.3472381512821	tn
S011	2019-06-06	98.3897696881393	-2.347238151282113	70.0	72.34723815128211	tn	130.0	132.3472381512821	tn
S011	2020-12-31	74.18493433259121	-2.347238151282113	70.0	72.34723815128211	tn	130.0	132.3472381512821	tn
S012	2010-01-01	106.9118767555087	-1.7283746138392502	70.0	71.72837461383925	tn	130.0	131.72837461383926	tn
S012	2012-03-14	89.59661776408468	-1.7283746138392502	70.0	71.72837461383925	tn	130.0	131.72837461383926	tn
S012	2014-05-26	98.7473922680679	-1.7283746138392502	70.0	71.72837461383925	tn	130.0	131.72837461383926	tn
S012	2016-08-07	99.1073705016876	-1.7283746138392502	70.0	71.72837461383925	tn	130.0	131.72837461383926	tn
S012	2018-10-19	115.20564769172545	-1.7283746138392502	70.0	71.72837461383925	tn	130.0	131.72837461383926	tn
S012	2020-12-31	110.31529032866888	-1.7283746138392502	70.0	71.72837461383925	tn	130.0	131.72837461383926	tn
S013	2010-01-01	101.72981074148464	-0.256011357392822	70.0	70.25601135739282	tn	130.0	130.25601135739282	tn
S013	2012-10-01	101.37239838325836	-0.256011357392822	70.0	70.25601135739282	tn	130.0	130.25601135739282	tn
S013	2015-07-02	102.77910718352446	-0.256011357392822	70.0	70.25601135739282	tn	130.0	130.25601135739282	tn
S013	2018-04-01	105.87370034362765	-0.256011357392822	70.0	70.25601135739282	tn	130.0	130.25601135739282	tn
S013	2020-12-31	65.01238019693243	-0.256011357392822	70.0	70.25601135739282	tp	130.0	130.25601135739282	tn
S014	2010-01-01	63.65246651001328	-0.5996600240833203	70.0	70.59966002408332	tp	130.0	130.59966002408333	tn
S014	2012-10-01	96.89651637932232	-0.5996600240833203	70.0	70.59966002408332	tn	130.0	130.59966002408333	tn
S014	2015-07-02	96.2861228939902	-0.5996600240833203	70.0	70.59966002408332	tn	130.0	130.59966002408333	tn
S014	2018-04-01	112.0386015992006	-0.5996600240833203	70.0	70.59966002408332	tn	130.0	130.59966002408333	tn
S014	2020-12-31	114.1701333681722	-0.5996600240833203	70.0	70.59966002408332	tn	130.0	130.59966002408333	tn
S015	2010-01-01	109.30516717070974	1.902197337251053	70.0	68.09780266274895	tn	130.0	128.09780266274896	tn
S015	2012-03-14	94.10898592265896	1.902197337251053	70.0	68.09780266274895	tn	130.0	128.09780266274896	tn
S015	2014-05-26	102.00686071087344	1.902197337251053	70.0	68.09780266274895	tn	130.0	128.09780266274896	tn
S015	2016-08-07	116.8197952369352	1.902197337251053	70.0	68.09780266274895	tn	130.0	128.09780266274896	tn
S015	2018-10-19	93.66118029268232	1.902197337251053	70.0	68.09780266274895	tn	130.0	128.09780266274896	tn
S015	2020-12-31	114.1129300711612	1.902197337251053	70.0	68.09780266274895	tn	130.0	128.09780266274896	tn
S016	2010-01-01	92.4521364299607	-2.6850713718748835	70.0	72.68507137187488	tn	130.0	132.68507137187487	tn
S016	2011-07-28	121.38242561018404	-2.6850713718748835	70.0	72.68507137187488	tn	130.0	132.68507137187487	tn
S016	2013-02-21	117.2525088674956	-2.6850713718748835	70.0	72.68507137187488	tn	130.0	132.68507137187487	tn
S016	2014-09-18	108.30290199751288	-2.6850713718748835	70.0	72.68507137187488	tn	130.0	132.68507137187487	tn
S016	2016-04-14	95.33916181650824	-2.6850713718748835	70.0	72.68507137187488	tn	130.0	132.68507137187487	tn
S016	2017-11-09	93.88592340828949	-2.6850713718748835	70.0	72.68507137187488	tn	130.0	132.68507137187487	tn
S016	2019-06-06	98.70907503337769	-2.6850713718748835	70.0	72.68507137187488	tn	130.0	132.68507137187487	tn
S016	2020-12-31	114.91293063630243	-2.6850713718748835	70.0	72.68507137187488	tn	130.0	132.68507137187487	tn
S017	2010-01-01	71.81741539281013	-2.7160983159093632	70.0	72.71609831590936	fn	130.0	132.71609831590936	tn
S017	2011-03-23	87.38271955940328	-2.7160983159093632	70.0	72.71609831590936	tn	130.0	132.71609831590936	tn
S017	2012-06-11	92.08846464459616	-2.7160983159093632	70.0	72.71609831590936	tn	130.0	132.71609831590936	tn
S017	2013-09-01	127.12070050186978	-2.7160983159093632	70.0	72.71609831590936	tn	130.0	132.71609831590936	tn
S017	2014-11-21	69.78401349318051	-2.7160983159093632	70.0	72.71609831590936	tp	130.0	132.71609831590936	tn
S017	2016-02-10	112.52396682333804	-2.7160983159093632	70.0	72.71609831590936	tn	130.0	132.71609831590936	tn
S017	2017-05-02	92.69138453579522	-2.7160983159093632	70.0	72.71609831590936	tn	130.0	132.71609831590936	tn
S017	2018-07-22	96.61132709622548	-2.7160983159093632	70.0	72.71609831590936	tn	130.0	132.71609831590936	tn
S017	2019-10-11	92.21896702680908	-2.7160983159093632	70.0	72.71609831590936	tn	130.0	132.71609831590936	tn
S017	2020-12-31	97.11465059891452	-2.7160983159093632	70.0	72.71609831590936	tn	130.0	132.71609831590936	tn
S018	2010-01-01	120.2739016782417	2.1801786036752873	70.0	67.81982139632471	tn	130.0	127.81982139632471	tn
S018	2011-03-23	91.616081793009	2.1801786036752873	70.0	67.81982139632471	tn	130.0	127.81982139632471	tn
S018	2012-06-11	115.44666753906854	2.1801786036752873	70.0	67.81982139632471	tn	130.0	127.81982139632471	tn
S018	2013-09-01	88.79764215318448	2.1801786036752873	70.0	67.81982139632471	tn	130.0	127.81982139632471	tn
S018	2014-11-21	97.55937126036052	2.1801786036752873	70.0	67.81982139632471	tn	130.0	127.81982139632471	tn
S018	2016-02-10	82.38371067202654	2.1801786036752873	70.0	67.81982139632471	tn	130.0	127.81982139632471	tn
S018	2017-05-02	105.28850476159262	2.1801786036752873	70.0	67.81982139632471	tn	130.0	127.81982139632471	tn
S018	2018-07-22	120.14003831027784	2.1801786036752873	70.0	67.81982139632471	tn	130.0	127.81982139632471	tn
S018	2019-10-11	97.302806259067	2.1801786036752873	70.0	67.81982139632471	tn	130.0	127.81982139632471	tn
S018	2020-12-31	95.50986347582118	2.1801786036752873	70.0	67.81982139632471	tn	130.0	127.81982139632471	tn
S019	2010-01-01	64.96191647349782	0.8775337148163231	70.0	69.12246628518368	tp	130.0	129.1224662851837	tn
S019	2015-07-02	75.16066056853832	0.8775337148163231	70.0	69.12246628518368	tn	130.0	129.1224662851837	tn
S019	2020-12-31	92.25562106095776	0.8775337148163231	70.0	69.12246628518368	tn	130.0	129.1224662851837	tn
S020	2010-01-01	155.3282948958565	-11.302057222785251	70.0	81.30205722278525	tn	130.0	141.30205722278527	tp
S020	2012-03-14	104.39135570135043	-11.302057222785251	70.0	81.30205722278525	tn	130.0	141.30205722278527	tn
S020	2014-05-26	134.71963432709555	-11.302057222785251	70.0	81.30205722278525	tn	130.0	141.30205722278527	fp
S020	2016-08-07	116.84641918343868	-11.302057222785251	70.0	81.30205722278525	tn	130.0	141.30205722278527	tn
S020	2018-10-19	110.92141727621832	-11.302057222785251	70.0	81.30205722278525	tn	130.0	141.30205722278527	tn
S020	2020-12-31	119.67904875330623	-11.302057222785251	70.0	81.30205722278525	tn	130.0	141.30205722278527	tn
S021	2010-01-01	94.49416739439955	-2.1479048957915268	70.0	72.14790489579153	tn	130.0	132.14790489579153	tn
S021	2012-03-14	79.64751993981683	-2.1479048957915268	70.0	72.14790489579153	tn	130.0	132.14790489579153	tn
S021	2014-05-26	77.46478679896838	-2.1479048957915268	70.0	72.14790489579153	tn	130.0	132.14790489579153	tn
S021	2016-08-07	110.417838086018	-2.1479048957915268	70.0	72.14790489579153	tn	130.0	132.14790489579153	tn
S021	2018-10-19	96.4686634855139	-2.1479048957915268	70.0	72.14790489579153	tn	130.0	132.14790489579153	tn
S021	2020-12-31	91.6778313419571	-2.1479048957915268	70.0	72.14790489579153	tn	130.0	132.14790489579153	tn
S022	2010-01-01	112.00904006096594	-4.814575870528287	70.0	74.81457587052829	tn	130.0	134.8145758705283	tn
S022	2011-03-23	102.79051541262751	-4.814575870528287	70.0	74.81457587052829	tn	130.0	134.8145758705283	tn
S022	2012-06-11	90.24423221761704	-4.814575870528287	70.0	74.81457587052829	tn	130.0	134.8145758705283	tn
S022	2013-09-01	118.47945060196578	-4.814575870528287	70.0	74.81457587052829	tn	130.0	134.8145758705283	tn
S022	2014-11-21	123.77283881195602	-4.814575870528287	70.0	74.81457587052829	tn	130.0	134.8145758705283	tn
S022	2016-02-10	107.50340609707432	-4.814575870528287	70.0	74.81457587052829	tn	130.0	134.8145758705283	tn
S022	2017-05-02	114.69000893739288	-4.814575870528287	70.0	74.81457587052829	tn	130.0	134.8145758705283	tn
S022	2018-07-22	118.7144562194387	-4.814575870528287	70.0	74.81457587052829	tn	130.0	134.8145758705283	tn
S022	2019-10-11	117.03654601329924	-4.814575870528287	70.0	74.81457587052829	tn	130.0	134.8145758705283	tn
S022	2020-12-31	109.2965439239209	-4.814575870528287	70.0	74.81457587052829	tn	130.0	134.8145758705283	tn
S023	2010-01-01	89.52340535254318	-6.863952925984577	70.0	76.86395292598458	tn	130.0	136.86395292598456	tn
S023	2012-10-01	116.49431782364262	-6.863952925984577	70.0	76.86395292598458	tn	130.0	136.86395292598456	tn
S023	2015-07-02	85.64626090385052	-6.863952925984577	70.0	76.86395292598458	tn	130.0	136.86395292598456	tn
S023	2018-04-01	94.064478643873	-6.863952925984577	70.0	76.86395292598458	tn	130.0	136.86395292598456	tn
S023	2020-12-31	125.53694648787014	-6.863952925984577	70.0	76.86395292598458	tn	130.0	136.86395292598456	tn
S024	2010-01-01	130.71317597222992	2.0251675933392335	70.0	67.97483240666077	tn	130.0	127.97483240666077	tp
S024	2011-07-28	104.3270858716326	2.0251675933392335	70.0	67.97483240666077	tn	130.0	127.97483240666077	tn
S024	2013-02-21	91.11846900779048	2.0251675933392335	70.0	67.97483240666077	tn	130.0	127.97483240666077	tn
S024	2014-09-18	104.79564367088685	2.0251675933392335	70.0	67.97483240666077	tn	130.0	127.97483240666077	tn
S024	2016-04-14	109.93267108555058	2.0251675933392335	70.0	67.97483240666077	tn	130.0	127.97483240666077	tn
S024	2017-11-09	109.58703237204212	2.0251675933392335	70.0	67.97483240666077	tn	130.0	127.97483240666077	tn
S024	2019-06-06	125.4074088082925	2.0251675933392335	70.0	67.97483240666077	tn	130.0	127.97483240666077	tn
S024	2020-12-31	102.98314525189028	2.0251675933392335	70.0	67.97483240666077	tn	130.0	127.97483240666077	tn
S025	2010-01-01	110.27510388868644	-3.5674148602413283	70.0	73.56741486024133	tn	130.0	133.56741486024134	tn
S025	2012-10-01	103.5669729708138	-3.5674148602413283	70.0	73.56741486024133	tn	130.0	133.56741486024134	tn
S025	2015-07-02	92.27314464376148	-3.5674148602413283	70.0	73.56741486024133	tn	130.0	133.56741486024134	tn
S025	2018-04-01	99.98290428540643	-3.5674148602413283	70.0	73.56741486024133	tn	130.0	133.56741486024134	tn
S025	2020-12-31	100.75770852030092	-3.5674148602413283	70.0	73.56741486024133	tn	130.0	133.56741486024134	tn
S026	2010-01-01	123.86856734064428	-6.7422327221371035	70.0	76.7422327221371	tn	130.0	136.7422327221371	tn
S026	2015-07-02	95.82175867201084	-6.7422327221371035	70.0	76.7422327221371	tn	130.0	136.7422327221371	tn
S026	2020-12-31	93.64000705396896	-6.7422327221371035	70.0	76.7422327221371	tn	130.0	136.7422327221371	tn
S027	2010-01-01	75.07938905705329	-1.3108452381739397	70.0	71.31084523817394	tn	130.0	131.31084523817395	tn
S027	2012-10-01	68.73770028124895	-1.3108452381739397	70.0	71.31084523817394	tp	130.0	131.31084523817395	tn
S027	2015-07-02	99.75110432456556	-1.3108452381739397	70.0	71.31084523817394	tn	130.0	131.31084523817395	tn
S027	2018-04-01	76.5514237929553	-1.3108452381739397	70.0	71.31084523817394	tn	130.0	131.31084523817395	tn
S027	2020-12-31	98.35215416367238	-1.3108452381739397	70.0	71.31084523817394	tn	130.0	131.31084523817395	tn
S028	2010-01-01	101.17546388682732	10.278687305451896	70.0	59.721312694548104	tn	130.0	119.7213126945481	tn
S028	2011-05-18	99.28509962481616	10.278687305451896	70.0	59.721312694548104	tn	130.0	119.7213126945481	tn
S028	2012-10-01	100.67399011482556	10.278687305451896	70.0	59.721312694548104	tn	130.0	119.7213126945481	tn
S028	2014-02-15	126.39897138625156	10.278687305451896	70.0	59.721312694548104	tn	130.0	119.7213126945481	fn
S028	2015-07-02	65.8228854392354	10.278687305451896	70.0	59.721312694548104	fp	130.0	119.7213126945481	tn
S028	2016-11-15	70.59386017392349	10.278687305451896	70.0	59.721312694548104	tn	130.0	119.7213126945481	tn
S028	2018-04-01	92.46948387466198	10.278687305451896	70.0	59.721312694548104	tn	130.0	119.7213126945481	tn
S028	2019-08-16	100.8349645695672	10.278687305451896	70.0	59.721312694548104	tn	130.0	119.7213126945481	tn
S028	2020-12-31	110.96861271196386	10.278687305451896	70.0	59.721312694548104	tn	130.0	119.7213126945481	tn
S029	2010-01-01	120.0165273789012	0.6579694471111992	70.0	69.3420305528888	tn	130.0	129.3420305528888	tn
S029	2012-10-01	120.18380302756572	0.6579694471111992	70.0	69.3420305528888	tn	130.0	129.3420305528888	tn
S029	2015-07-02	107.49173944934824	0.6579694471111992	70.0	69.3420305528888	tn	130.0	129.3420305528888	tn
S029	2018-04-01	119.17073556757738	0.6579694471111992	70.0	69.3420305528888	tn	130.0	129.3420305528888	tn
S029	2020-12-31	108.82055093175669	0.6579694471111992	70.0	69.3420305528888	tn	130.0	129.3420305528888	tn
S030	2010-01-01	104.85242231717125	-0.5711742350974447	70.0	70.57117423509744	tn	130.0	130.57117423509743	tn
S030	2013-09-01	96.04436657085132	-0.5711742350974447	70.0	70.57117423509744	tn	130.0	130.57117423509743	tn
S030	2017-05-02	94.40526743348846	-0.5711742350974447	70.0	70.57117423509744	tn	130.0	130.57117423509743	tn
S030	2020-12-31	116.4794733150148	-0.5711742350974447	70.0	70.57117423509744	tn	130.0	130.57117423509743	tn
S031	2010-01-01	57.685222318983584	-0.4988520817955333	70.0	70.49885208179553	tp	130.0	130.49885208179552	tn
S031	2012-03-14	70.04236900106704	-0.4988520817955333	70.0	70.49885208179553	fn	130.0	130.49885208179552	tn
S031	2014-05-26	71.67215616810869	-0.4988520817955333	70.0	70.49885208179553	tn	130.0	130.49885208179552	tn
S031	2016-08-07	52.88139399800342	-0.4988520817955333	70.0	70.49885208179553	tp	130.0	130.49885208179552	tn
S031	2018-10-19	60.71390822993674	-0.4988520817955333	70.0	70.49885208179553	tp	130.0	130.49885208179552	tn
S031	2020-12-31	62.57865353674558	-0.4988520817955333	70.0	70.49885208179553	tp	130.0	130.49885208179552	tn
S032	2010-01-01	151.60037013696612	2.144474231229495	70.0	67.8555257687705	tn	130.0	127.8555257687705	tp
S032	2013-09-01	118.3979996554892	2.144474231229495	70.0	67.8555257687705	tn	130.0	127.8555257687705	tn
S032	2017-05-02	119.12049156615694	2.144474231229495	70.0	67.8555257687705	tn	130.0	127.8555257687705	tn
S032	2020-12-31	107.3361809629345	2.144474231229495	70.0	67.8555257687705	tn	130.0	127.8555257687705	tn
S033	2010-01-01	65.95091611908694	-4.0009531841146355	70.0	74.00095318411464	tp	130.0	134.00095318411462	tn
S033	2011-11-01	79.64593789281719	-4.0009531841146355	70.0	74.00095318411464	tn	130.0	134.00095318411462	tn
S033	2013-09-01	56.91560813209517	-4.0009531841146355	70.0	74.00095318411464	tp	130.0	134.00095318411462	tn
S033	2015-07-02	69.48907899309347	-4.0009531841146355	70.0	74.00095318411464	tp	130.0	134.00095318411462	tn
S033	2017-05-02	83.1481022972898	-4.0009531841146355	70.0	74.00095318411464	tn	130.0	134.00095318411462	tn
S033	2019-03-02	86.4118398345064	-4.0009531841146355	70.0	74.00095318411464	tn	130.0	134.00095318411462	tn
S033	2020-12-31	87.18077524887755	-4.0009531841146355	70.0	74.00095318411464	tn	130.0	134.00095318411462	tn
S034	2010-01-01	99.61539611046304	-2.98034082240558	70.0	72.98034082240558	tn	130.0	132.9803408224056	tn
S034	2012-10-01	74.79193470940187	-2.98034082240558	70.0	72.98034082240558	tn	130.0	132.9803408224056	tn
S034	2015-07-02	96.28797887753922	-2.98034082240558	70.0	72.98034082240558	tn	130.0	132.9803408224056	tn
S034	2018-04-01	86.63553000915672	-2.98034082240558	70.0	72.98034082240558	tn	130.0	132.9803408224056	tn
S034	2020-12-31	66.1492976722604	-2.98034082240558	70.0	72.98034082240558	tp	130.0	132.9803408224056	tn
S035	2010-01-01	106.0325036613071	-1.9579091603399092	70.0	71.95790916033991	tn	130.0	131.9579091603399	tn
S035	2011-05-18	94.72320449252184	-1.9579091603399092	70.0	71.95790916033991	tn	130.0	131.9579091603399	tn
S035	2012-10-01	119.81470631320391	-1.9579091603399092	70.0	71.95790916033991	tn	130.0	131.9579091603399	tn
S035	2014-02-15	111.9506845189865	-1.9579091603399092	70.0	71.95790916033991	tn	130.0	131.9579091603399	tn
S035	2015-07-02	92.98821120819184	-1.9579091603399092	70.0	71.95790916033991	tn	130.0	131.9579091603399	tn
S035	2016-11-15	108.08985013624228	-1.9579091603399092	70.0	71.95790916033991	tn	130.0	131.9579091603399	tn
S035	2018-04-01	125.84492523201092	-1.9579091603399092	70.0	71.95790916033991	tn	130.0	131.9579091603399	tn
S035	2019-08-16	126.24529196593352	-1.9579091603399092	70.0	71.95790916033991	tn	130.0	131.9579091603399	tn
S035	2020-12-31	78.41802474185066	-1.9579091603399092	70.0	71.95790916033991	tn	130.0	131.9579091603399	tn
S036	2010-01-01	113.00845068943624	-5.193724688159264	70.0	75.19372468815926	tn	130.0	135.19372468815925	tn
S036	2011-07-28	74.86045312586393	-5.193724688159264	70.0	75.19372468815926	fn	130.0	135.19372468815925	tn
S036	2013-02-21	70.8965518890533	-5.193724688159264	70.0	75.19372468815926	fn	130.0	135.19372468815925	tn
S036	2014-09-18	83.44175692794279	-5.193724688159264	70.0	75.19372468815926	tn	130.0	135.19372468815925	tn
S036	2016-04-14	97.03806953054728	-5.193724688159264	70.0	75.19372468815926	tn	130.0	135.19372468815925	tn
S036	2017-11-09	89.19871828926205	-5.193724688159264	70.0	75.19372468815926	tn	130.0	135.19372468815925	tn
S036	2019-06-06	80.97621458234461	-5.193724688159264	70.0	75.19372468815926	tn	130.0	135.19372468815925	tn
S036	2020-12-31	80.62148196256085	-5.193724688159264	70.0	75.19372468815926	tn	130.0	135.19372468815925	tn
S037	2010-01-01	127.10112251501384	0.7766450688840649	70.0	69.22335493111594	tn	130.0	129.22335493111592	tn
S037	2013-09-01	97.33929542365622	0.7766450688840649	70.0	69.22335493111594	tn	130.0	129.22335493111592	tn
S037	2017-05-02	106.17801517194398	0.7766450688840649	70.0	69.22335493111594	tn	130.0	129.22335493111592	tn
S037	2020-12-31	85.54046733408906	0.7766450688840649	70.0	69.22335493111594	tn	130.0	129.22335493111592	tn
S038	2010-01-01	87.43712350758419	-0.23785228422455873	70.0	70.23785228422456	tn	130.0	130.23785228422457	tn
S038	2015-07-02	58.36480820435148	-0.23785228422455873	70.0	70.23785228422456	tp	130.0	130.23785228422457	tn
S038	2020-12-31	77.47029407542152	-0.23785228422455873	70.0	70.23785228422456	tn	130.0	130.23785228422457	tn
S039	2010-01-01	63.96342858572451	-3.425071343517587	70.0	73.42507134351759	tp	130.0	133.42507134351757	tn
S039	2012-03-14	101.76814839092052	-3.425071343517587	70.0	73.42507134351759	tn	130.0	133.42507134351757	tn
S039	2014-05-26	81.22727068463074	-3.425071343517587	70.0	73.42507134351759	tn	130.0	133.42507134351757	tn
S039	2016-08-07	101.25226963501366	-3.425071343517587	70.0	73.42507134351759	tn	130.0	133.42507134351757	tn
S039	2018-10-19	88.05855185370918	-3.425071343517587	70.0	73.42507134351759	tn	130.0	133.42507134351757	tn
S039	2020-12-31	93.63219558592344	-3.425071343517587	70.0	73.42507134351759	tn	130.0	133.42507134351757	tn
S040	2010-01-01	98.85029435984433	0.9565644359005745	70.0	69.04343556409943	tn	130.0	129.0434355640994	tn
S040	2011-11-01	101.92174355806944	0.9565644359005745	70.0	69.04343556409943	tn	130.0	129.0434355640994	tn
S040	2013-09-01	82.34132066344885	0.9565644359005745	70.0	69.04343556409943	tn	130.0	129.0434355640994	tn
S040	2015-07-02	99.38413560619676	0.9565644359005745	70.0	69.04343556409943	tn	130.0	129.0434355640994	tn
S040	2017-05-02	99.48384642557674	0.9565644359005745	70.0	69.04343556409943	tn	130.0	129.0434355640994	tn
S040	2019-03-02	82.747740730003	0.9565644359005745	70.0	69.04343556409943	tn	130.0	129.0434355640994	tn
S040	2020-12-31	74.14950356288932	0.9565644359005745	70.0	69.04343556409943	tn	130.0	129.0434355640994	tn
S041	2010-01-01	53.88640864858749	-2.609798755354518	70.0	72.60979875535452	tp	130.0	132.60979875535452	tn
S041	2011-11-01	89.45629980983921	-2.609798755354518	70.0	72.60979875535452	tn	130.0	132.60979875535452	tn
S041	2013-09-01	93.063864712857	-2.609798755354518	70.0	72.60979875535452	tn	130.0	132.60979875535452	tn
S041	2015-07-02	76.27082922414857	-2.609798755354518	70.0	72.60979875535452	tn	130.0	132.60979875535452	tn
S041	2017-05-02	88.55749680090877	-2.609798755354518	70.0	72.60979875535452	tn	130.0	132.60979875535452	tn
S041	2019-03-02	96.71677222309457	-2.609798755354518	70.0	72.60979875535452	tn	130.0	132.60979875535452	tn
S041	2020-12-31	97.4315774009968	-2.609798755354518	70.0	72.60979875535452	tn	130.0	132.60979875535452	tn
S042	2010-01-01	134.67351368419554	-11.921270451123561	70.0	81.92127045112356	tn	130.0	141.92127045112358	fp
S042	2012-03-14	100.49942970987672	-11.921270451123561	70.0	81.92127045112356	tn	130.0	141.92127045112358	tn
S042	2014-05-26	140.7725943442952	-11.921270451123561	70.0	81.92127045112356	tn	130.0	141.92127045112358	fp
S042	2016-08-07	107.55415363288915	-11.921270451123561	70.0	81.92127045112356	tn	130.0	141.92127045112358	tn
S042	2018-10-19	131.1918933880413	-11.921270451123561	70.0	81.92127045112356	tn	130.0	141.92127045112358	fp
S042	2020-12-31	116.53860059199124	-11.921270451123561	70.0	81.92127045112356	tn	130.0	141.92127045112358	tn
S043	2010-01-01	93.3050385621851	-4.905854095913014	70.0	74.90585409591301	tn	130.0	134.905854095913	tn
S043	2011-05-18	72.48775768584619	-4.905854095913014	70.0	74.90585409591301	fn	130.0	134.905854095913	tn
S043	2012-10-01	110.38799475307192	-4.905854095913014	70.0	74.90585409591301	tn	130.0	134.905854095913	tn
S043	2014-02-15	118.63039607251903	-4.905854095913014	70.0	74.90585409591301	tn	130.0	134.905854095913	tn
S043	2015-07-02	83.92484137597997	-4.905854095913014	70.0	74.90585409591301	tn	130.0	134.905854095913	tn
S043	2016-11-15	100.4080673532194	-4.905854095913014	70.0	74.90585409591301	tn	130.0	134.905854095913	tn
S043	2018-04-01	84.99763338531069	-4.905854095913014	70.0	74.90585409591301	tn	130.0	134.905854095913	tn
S043	2019-08-16	86.45123526337848	-4.905854095913014	70.0	74.90585409591301	tn	130.0	134.905854095913	tn
S043	2020-12-31	107.49592677341089	-4.905854095913014	70.0	74.90585409591301	tn	130.0	134.905854095913	tn
S044	2010-01-01	125.70933801053106	-5.284606363325722	70.0	75.28460636332572	tn	130.0	135.28460636332574	tn
S044	2011-03-23	92.38113020102206	-5.284606363325722	70.0	75.28460636332572	tn	130.0	135.28460636332574	tn
S044	2012-06-11	114.60466236868322	-5.284606363325722	70.0	75.28460636332572	tn	130.0	135.28460636332574	tn
S044	2013-09-01	101.0758185759326	-5.284606363325722	70.0	75.28460636332572	tn	130.0	135.28460636332574	tn
S044	2014-11-21	111.55128752772936	-5.284606363325722	70.0	75.28460636332572	tn	130.0	135.28460636332574	tn
S044	2016-02-10	92.90725252161668	-5.284606363325722	70.0	75.28460636332572	tn	130.0	135.28460636332574	tn
S044	2017-05-02	98.87123481829214	-5.284606363325722	70.0	75.28460636332572	tn	130.0	135.28460636332574	tn
S044	2018-07-22	97.88213419208186	-5.284606363325722	70.0	75.28460636332572	tn	130.0	135.28460636332574	tn
S044	2019-10-11	87.07376065887907	-5.284606363325722	70.0	75.28460636332572	tn	130.0	135.28460636332574	tn
S044	2020-12-31	109.54584040029216	-5.284606363325722	70.0	75.28460636332572	tn	130.0	135.28460636332574	tn
S045	2010-01-01	129.5569748645483	-4.55726727313197	70.0	74.55726727313197	tn	130.0	134.55726727313197	tn
S045	2015-07-02	128.2426620743282	-4.55726727313197	70.0	74.55726727313197	tn	130.0	134.55726727313197	tn
S045	2020-12-31	100.8783197080466	-4.55726727313197	70.0	74.55726727313197	tn	130.0	134.55726727313197	tn
S046	2010-01-01	94.37651284546858	-1.9863387451454457	70.0	71.98633874514545	tn	130.0	131.98633874514545	tn
S046	2011-07-28	104.0808529260601	-1.9863387451454457	70.0	71.98633874514545	tn	130.0	131.98633874514545	tn
S046	2013-02-21	94.7342814475588	-1.9863387451454457	70.0	71.98633874514545	tn	130.0	131.98633874514545	tn
S046	2014-09-18	128.03157782138254	-1.9863387451454457	70.0	71.98633874514545	tn	130.0	131.98633874514545	tn
S046	2016-04-14	109.18599543948622	-1.9863387451454457	70.0	71.98633874514545	tn	130.0	131.98633874514545	tn
S046	2017-11-09	100.46008626277543	-1.9863387451454457	70.0	71.98633874514545	tn	130.0	131.98633874514545	tn
S046	2019-06-06	121.63480176218744	-1.9863387451454457	70.0	71.98633874514545	tn	130.0	131.98633874514545	tn
S046	2020-12-31	71.17129203741061	-1.9863387451454457	70.0	71.98633874514545	fn	130.0	131.98633874514545	tn
S047	2010-01-01	80.76600077310762	-1.6702835479840559	70.0	71.67028354798406	tn	130.0	131.67028354798407	tn
S047	2013-09-01	83.61566855525851	-1.6702835479840559	70.0	71.67028354798406	tn	130.0	131.67028354798407	tn
S047	2017-05-02	59.963032501568875	-1.6702835479840559	70.0	71.67028354798406	tp	130.0	131.67028354798407	tn
S047	2020-12-31	79.5104683885916	-1.6702835479840559	70.0	71.67028354798406	tn	130.0	131.67028354798407	tn
S048	2010-01-01	132.39808840095137	0.5255331303395536	70.0	69.47446686966045	tn	130.0	129.47446686966043	tp
S048	2012-03-14	122.5806922811556	0.5255331303395536	70.0	69.47446686966045	tn	130.0	129.47446686966043	tn
S048	2014-05-26	113.44928545243936	0.5255331303395536	70.0	69.47446686966045	tn	130.0	129.47446686966043	tn
S048	2016-08-07	114.11650132597252	0.5255331303395536	70.0	69.47446686966045	tn	130.0	129.47446686966043	tn
S048	2018-10-19	88.09712576601316	0.5255331303395536	70.0	69.47446686966045	tn	130.0	129.47446686966043	tn
S048	2020-12-31	123.89970041783084	0.5255331303395536	70.0	69.47446686966045	tn	130.0	129.47446686966043	tn
S049	2010-01-01	98.5335777002163	0.7958011692123108	70.0	69.20419883078769	tn	130.0	129.20419883078767	tn
S049	2015-07-02	91.0928616013172	0.7958011692123108	70.0	69.20419883078769	tn	130.0	129.20419883078767	tn
S049	2020-12-31	93.97456316268708	0.7958011692123108	70.0	69.20419883078769	tn	130.0	129.20419883078767	tn
S050	2010-01-01	69.2687839433919	-5.619965796558503	70.0	75.6199657965585	tp	130.0	135.61996579655852	tn
S050	2011-03-23	109.74887284357496	-5.619965796558503	70.0	75.6199657965585	tn	130.0	135.61996579655852	tn
S050	2012-06-11	111.84264231722425	-5.619965796558503	70.0	75.6199657965585	tn	130.0	135.61996579655852	tn
S050	2013-09-01	96.76827744766533	-5.619965796558503	70.0	75.6199657965585	tn	130.0	135.61996579655852	tn
S050	2014-11-21	63.32418861845088	-5.619965796558503	70.0	75.6199657965585	tp	130.0	135.61996579655852	tn
S050	2016-02-10	85.58853687818316	-5.619965796558503	70.0	75.6199657965585	tn	130.0	135.61996579655852	tn
S050	2017-05-02	119.02834527975944	-5.619965796558503	70.0	75.6199657965585	tn	130.0	135.61996579655852	tn
S050	2018-07-22	58.864902057290415	-5.619965796558503	70.0	75.6199657965585	tp	130.0	135.61996579655852	tn
S050	2019-10-11	95.32196508531622	-5.619965796558503	70.0	75.6199657965585	tn	130.0	135.61996579655852	tn
S050	2020-12-31	82.83480459121012	-5.619965796558503	70.0	75.6199657965585	tn	130.0	135.61996579655852	tn
S051	2010-01-01	114.10501332688251	-1.251648579463506	70.0	71.2516485794635	tn	130.0	131.2516485794635	tn
S051	2013-09-01	116.52760930338476	-1.251648579463506	70.0	71.2516485794635	tn	130.0	131.2516485794635	tn
S051	2017-05-02	135.58909061179867	-1.251648579463506	70.0	71.2516485794635	tn	130.0	131.2516485794635	tp
S051	2020-12-31	105.0015738607178	-1.251648579463506	70.0	71.2516485794635	tn	130.0	131.2516485794635	tn
S052	2010-01-01	81.48461150931458	-13.402814521225636	70.0	83.40281452122564	fn	130.0	143.40281452122565	tn
S052	2011-05-18	121.61664714563229	-13.402814521225636	70.0	83.40281452122564	tn	130.0	143.40281452122565	tn
S052	2012-10-01	92.35281097515563	-13.402814521225636	70.0	83.40281452122564	tn	130.0	143.40281452122565	tn
S052	2014-02-15	95.34913123490992	-13.402814521225636	70.0	83.40281452122564	tn	130.0	143.40281452122565	tn
S052	2015-07-02	103.42672677348796	-13.402814521225636	70.0	83.40281452122564	tn	130.0	143.40281452122565	tn
S052	2016-11-15	80.31717851612838	-13.402814521225636	70.0	83.40281452122564	fn	130.0	143.40281452122565	tn
S052	2018-04-01	107.19199413016018	-13.402814521225636	70.0	83.40281452122564	tn	130.0	143.40281452122565	tn
S052	2019-08-16	118.27243779010128	-13.402814521225636	70.0	83.40281452122564	tn	130.0	143.40281452122565	tn
S052	2020-12-31	108.15445104868547	-13.402814521225636	70.0	83.40281452122564	tn	130.0	143.40281452122565	tn
S053	2010-01-01	95.24145790290513	1.5825646562277313	70.0	68.41743534377227	tn	130.0	128.41743534377227	tn
S053	2012-03-14	55.94119286872413	1.5825646562277313	70.0	68.41743534377227	tp	130.0	128.41743534377227	tn
S053	2014-05-26	67.98953415094704	1.5825646562277313	70.0	68.41743534377227	tp	130.0	128.41743534377227	tn
S053	2016-08-07	97.25917841943554	1.5825646562277313	70.0	68.41743534377227	tn	130.0	128.41743534377227	tn
S053	2018-10-19	88.16245587117204	1.5825646562277313	70.0	68.41743534377227	tn	130.0	128.41743534377227	tn
S053	2020-12-31	90.29059809011406	1.5825646562277313	70.0	68.41743534377227	tn	130.0	128.41743534377227	tn
S054	2010-01-01	125.62323975382614	-7.278398265254779	70.0	77.27839826525478	tn	130.0	137.2783982652548	tn
S054	2013-09-01	128.4632682327308	-7.278398265254779	70.0	77.27839826525478	tn	130.0	137.2783982652548	tn
S054	2017-05-02	159.256130984508	-7.278398265254779	70.0	77.27839826525478	tn	130.0	137.2783982652548	tp
S054	2020-12-31	115.38787970487574	-7.278398265254779	70.0	77.27839826525478	tn	130.0	137.2783982652548	tn
S055	2010-01-01	98.60603780464848	3.714161867550146	70.0	66.28583813244985	tn	130.0	126.28583813244985	tn
S055	2013-09-01	84.12044148462194	3.714161867550146	70.0	66.28583813244985	tn	130.0	126.28583813244985	tn
S055	2017-05-02	76.53521707049234	3.714161867550146	70.0	66.28583813244985	tn	130.0	126.28583813244985	tn
S055	2020-12-31	126.66883869516624	3.714161867550146	70.0	66.28583813244985	tn	130.0	126.28583813244985	fn
S056	2010-01-01	92.28415398284908	1.141999683680524	70.0	68.85800031631948	tn	130.0	128.85800031631948	tn
S056	2012-03-14	117.0073892380742	1.141999683680524	70.0	68.85800031631948	tn	130.0	128.85800031631948	tn
S056	2014-05-26	101.6312574304602	1.141999683680524	70.0	68.85800031631948	tn	130.0	128.85800031631948	tn
S056	2016-08-07	99.47521300911276	1.141999683680524	70.0	68.85800031631948	tn	130.0	128.85800031631948	tn
S056	2018-10-19	111.70252778259764	1.141999683680524	70.0	68.85800031631948	tn	130.0	128.85800031631948	tn
S056	2020-12-31	83.89020068040489	1.141999683680524	70.0	68.85800031631948	tn	130.0	128.85800031631948	tn
S057	2010-01-01	110.5189369721314	-2.354727939205233	70.0	72.35472793920523	tn	130.0	132.35472793920525	tn
S057	2015-07-02	97.88309048241976	-2.354727939205233	70.0	72.35472793920523	tn	130.0	132.35472793920525	tn
S057	2020-12-31	95.9196928327481	-2.354727939205233	70.0	72.35472793920523	tn	130.0	132.35472793920525	tn
S058	2010-01-01	92.0871600958322	0.2076019538473446	70.0	69.79239804615266	tn	130.0	129.79239804615264	tn
S058	2011-05-18	90.22950227517482	0.2076019538473446	70.0	69.79239804615266	tn	130.0	129.79239804615264	tn
S058	2012-10-01	109.6412718826674	0.2076019538473446	70.0	69.79239804615266	tn	130.0	129.79239804615264	tn
S058	2014-02-15	69.89846371841415	0.2076019538473446	70.0	69.79239804615266	fp	130.0	129.79239804615264	tn
S058	2015-07-02	108.82660102273093	0.2076019538473446	70.0	69.79239804615266	tn	130.0	129.79239804615264	tn
S058	2016-11-15	90.20130238941049	0.2076019538473446	70.0	69.79239804615266	tn	130.0	129.79239804615264	tn
S058	2018-04-01	101.55081705197948	0.2076019538473446	70.0	69.79239804615266	tn	130.0	129.79239804615264	tn
S058	2019-08-16	78.99178161353595	0.2076019538473446	70.0	69.79239804615266	tn	130.0	129.79239804615264	tn
S058	2020-12-31	115.82606626929044	0.2076019538473446	70.0	69.79239804615266	tn	130.0	129.79239804615264	tn
S059	2010-01-01	89.73502796481564	1.3128374112737475	70.0	68.68716258872625	tn	130.0	128.68716258872627	tn
S059	2013-09-01	124.89316566770952	1.3128374112737475	70.0	68.68716258872625	tn	130.0	128.68716258872627	tn
S059	2017-05-02	118.52917591625436	1.3128374112737475	70.0	68.68716258872625	tn	130.0	128.68716258872627	tn
S059	2020-12-31	88.37728089473022	1.3128374112737475	70.0	68.68716258872625	tn	130.0	128.68716258872627	tn
S060	2010-01-01	105.2250434977908	3.340287308939409	70.0	66.65971269106059	tn	130.0	126.65971269106059	tn
S060	2011-07-28	108.09815526963912	3.340287308939409	70.0	66.65971269106059	tn	130.0	126.65971269106059	tn
S060	2013-02-21	102.41594666652468	3.340287308939409	70.0	66.65971269106059	tn	130.0	126.65971269106059	tn
S060	2014-09-18	104.12549741500254	3.340287308939409	70.0	66.65971269106059	tn	130.0	126.65971269106059	tn
S060	2016-04-14	121.86119704608828	3.340287308939409	70.0	66.65971269106059	tn	130.0	126.65971269106059	tn
S060	2017-11-09	118.14753481095204	3.340287308939409	70.0	66.65971269106059	tn	130.0	126.65971269106059	tn
S060	2019-06-06	56.7512018555507	3.340287308939409	70.0	66.65971269106059	tp	130.0	126.65971269106059	tn
S060	2020-12-31	94.99544783972662	3.340287308939409	70.0	66.65971269106059	tn	130.0	126.65971269106059	tn
S061	2010-01-01	99.76623559804516	-0.5359701775715422	70.0	70.53597017757154	tn	130.0	130.53597017757153	tn
S061	2012-10-01	117.0848563107181	-0.5359701775715422	70.0	70.53597017757154	tn	130.0	130.53597017757153	tn
S061	2015-07-02	82.05497183070163	-0.5359701775715422	70.0	70.53597017757154	tn	130.0	130.53597017757153	tn
S061	2018-04-01	103.39950380490858	-0.5359701775715422	70.0	70.53597017757154	tn	130.0	130.53597017757153	tn
S061	2020-12-31	84.61613756511392	-0.5359701775715422	70.0	70.53597017757154	tn	130.0	130.53597017757153	tn
S062	2010-01-01	115.44178427575376	-3.3123566774394106	70.0	73.31235667743941	tn	130.0	133.31235667743942	tn
S062	2012-10-01	85.14251246152585	-3.3123566774394106	70.0	73.31235667743941	tn	130.0	133.31235667743942	tn
S062	2015-07-02	100.2140670983626	-3.3123566774394106	70.0	73.31235667743941	tn	130.0	133.31235667743942	tn
S062	2018-04-01	65.21260802228842	-3.3123566774394106	70.0	73.31235667743941	tp	130.0	133.31235667743942	tn
S062	2020-12-31	121.21564318412644	-3.3123566774394106	70.0	73.31235667743941	tn	130.0	133.31235667743942	tn
S063	2010-01-01	114.6597221130634	-6.850466885467824	70.0	76.85046688546782	tn	130.0	136.85046688546782	tn
S063	2012-03-14	84.87923302884784	-6.850466885467824	70.0	76.85046688546782	tn	130.0	136.85046688546782	tn
S063	2014-05-26	123.76448558935483	-6.850466885467824	70.0	76.85046688546782	tn	130.0	136.85046688546782	tn
S063	2016-08-07	101.16675283061852	-6.850466885467824	70.0	76.85046688546782	tn	130.0	136.85046688546782	tn
S063	2018-10-19	102.96548173733846	-6.850466885467824	70.0	76.85046688546782	tn	130.0	136.85046688546782	tn
S063	2020-12-31	98.65169023858272	-6.850466885467824	70.0	76.85046688546782	tn	130.0	136.85046688546782	tn
S064	2010-01-01	104.61354514697028	4.6331177007025985	70.0	65.3668822992974	tn	130.0	125.3668822992974	tn
S064	2011-11-01	98.0320887241075	4.6331177007025985	70.0	65.3668822992974	tn	130.0	125.3668822992974	tn
S064	2013-09-01	103.96970809358976	4.6331177007025985	70.0	65.3668822992974	tn	130.0	125.3668822992974	tn
S064	2015-07-02	94.06156563026056	4.6331177007025985	70.0	65.3668822992974	tn	130.0	125.3668822992974	tn
S064	2017-05-02	101.89148313870189	4.6331177007025985	70.0	65.3668822992974	tn	130.0	125.3668822992974	tn
S064	2019-03-02	87.91075481366858	4.6331177007025985	70.0	65.3668822992974	tn	130.0	125.3668822992974	tn
S064	2020-12-31	127.63946359368738	4.6331177007025985	70.0	65.3668822992974	tn	130.0	125.3668822992974	fn
S065	2010-01-01	104.83930759650958	1.9766842867025645	70.0	68.02331571329744	tn	130.0	128.02331571329745	tn
S065	2011-11-01	71.53831374621112	1.9766842867025645	70.0	68.02331571329744	tn	130.0	128.02331571329745	tn
S065	2013-09-01	117.75979999403462	1.9766842867025645	70.0	68.02331571329744	tn	130.0	128.02331571329745	tn
S065	2015-07-02	99.2530500798748	1.9766842867025645	70.0	68.02331571329744	tn	130.0	128.02331571329745	tn
S065	2017-05-02	98.88778093803867	1.9766842867025645	70.0	68.02331571329744	tn	130.0	128.02331571329745	tn
S065	2019-03-02	84.74102864108318	1.9766842867025645	70.0	68.02331571329744	tn	130.0	128.02331571329745	tn
S065	2020-12-31	81.06230346241487	1.9766842867025645	70.0	68.02331571329744	tn	130.0	128.02331571329745	tn
S066	2010-01-01	103.76387067439668	-2.4250988327784597	70.0	72.42509883277846	tn	130.0	132.42509883277847	tn
S066	2011-03-23	118.92370585511236	-2.4250988327784597	70.0	72.42509883277846	tn	130.0	132.42509883277847	tn
S066	2012-06-11	100.6256249975252	-2.4250988327784597	70.0	72.42509883277846	tn	130.0	132.42509883277847	tn
S066	2013-09-01	84.23425738254456	-2.4250988327784597	70.0	72.42509883277846	tn	130.0	132.42509883277847	tn
S066	2014-11-21	110.2723176653786	-2.4250988327784597	70.0	72.42509883277846	tn	130.0	132.42509883277847	tn
S066	2016-02-10	111.7231729255258	-2.4250988327784597	70.0	72.42509883277846	tn	130.0	132.42509883277847	tn
S066	2017-05-02	107.7258046563207	-2.4250988327784597	70.0	72.42509883277846	tn	130.0	132.42509883277847	tn
S066	2018-07-22	109.08839532747864	-2.4250988327784597	70.0	72.42509883277846	tn	130.0	132.42509883277847	tn
S066	2019-10-11	93.8419897772368	-2.4250988327784597	70.0	72.42509883277846	tn	130.0	132.42509883277847	tn
S066	2020-12-31	83.97107422264523	-2.4250988327784597	70.0	72.42509883277846	tn	130.0	132.42509883277847	tn
S067	2010-01-01	94.87229486678144	2.001179220221232	70.0	67.99882077977877	tn	130.0	127.99882077977877	tn
S067	2011-11-01	90.06633394519329	2.001179220221232	70.0	67.99882077977877	tn	130.0	127.99882077977877	tn
S067	2013-09-01	84.71825012564658	2.001179220221232	70.0	67.99882077977877	tn	130.0	127.99882077977877	tn
S067	2015-07-02	46.98378332841615	2.001179220221232	70.0	67.99882077977877	tp	130.0	127.99882077977877	tn
S067	2017-05-02	72.60830364817967	2.001179220221232	70.0	67.99882077977877	tn	130.0	127.99882077977877	tn
S067	2019-03-02	108.13067546463972	2.001179220221232	70.0	67.99882077977877	tn	130.0	127.99882077977877	tn
S067	2020-12-31	81.34867569264524	2.001179220221232	70.0	67.99882077977877	tn	130.0	127.99882077977877	tn
S068	2010-01-01	82.74563532693958	-3.2947585895164195	70.0	73.29475858951642	tn	130.0	133.29475858951642	tn
S068	2012-03-14	125.18649901195688	-3.2947585895164195	70.0	73.29475858951642	tn	130.0	133.29475858951642	tn
S068	2014-05-26	101.44550187574828	-3.2947585895164195	70.0	73.29475858951642	tn	130.0	133.29475858951642	tn
S068	2016-08-07	107.95652272382144	-3.2947585895164195	70.0	73.29475858951642	tn	130.0	133.29475858951642	tn
S068	2018-10-19	138.4926136547937	-3.2947585895164195	70.0	73.29475858951642	tn	130.0	133.29475858951642	tp
S068	2020-12-31	126.35251828540947	-3.2947585895164195	70.0	73.29475858951642	tn	130.0	133.29475858951642	tn
S069	2010-01-01	92.05116861433643	-5.1343155674948235	70.0	75.13431556749482	tn	130.0	135.1343155674948	tn
S069	2012-10-01	104.58281751427744	-5.1343155674948235	70.0	75.13431556749482	tn	130.0	135.1343155674948	tn
S069	2015-07-02	95.35598177336637	-5.1343155674948235	70.0	75.13431556749482	tn	130.0	135.1343155674948	tn
S069	2018-04-01	91.00568161207735	-5.1343155674948235	70.0	75.13431556749482	tn	130.0	135.1343155674948	tn
S069	2020-12-31	118.94206254776506	-5.1343155674948235	70.0	75.13431556749482	tn	130.0	135.1343155674948	tn
S070	2010-01-01	133.35173747778143	-7.209568313709539	70.0	77.20956831370954	tn	130.0	137.20956831370955	fp
S070	2012-03-14	100.21903953850422	-7.209568313709539	70.0	77.20956831370954	tn	130.0	137.20956831370955	tn
S070	2014-05-26	125.63767699559254	-7.209568313709539	70.0	77.20956831370954	tn	130.0	137.20956831370955	tn
S070	2016-08-07	104.21769242288104	-7.209568313709539	70.0	77.20956831370954	tn	130.0	137.20956831370955	tn
S070	2018-10-19	113.30230968096336	-7.209568313709539	70.0	77.20956831370954	tn	130.0	137.20956831370955	tn
S070	2020-12-31	87.98873530945576	-7.209568313709539	70.0	77.20956831370954	tn	130.0	137.20956831370955	tn
S071	2010-01-01	106.2907064111056	-3.5751573132770886	70.0	73.57515731327709	tn	130.0	133.5751573132771	tn
S071	2011-11-01	92.06625530413282	-3.5751573132770886	70.0	73.57515731327709	tn	130.0	133.5751573132771	tn
S071	2013-09-01	72.16650774787043	-3.5751573132770886	70.0	73.57515731327709	fn	130.0	133.5751573132771	tn
S071	2015-07-02	71.05853227978598	-3.5751573132770886	70.0	73.57515731327709	fn	130.0	133.5751573132771	tn
S071	2017-05-02	70.05536174133226	-3.5751573132770886	70.0	73.57515731327709	fn	130.0	133.5751573132771	tn
S071	2019-03-02	64.94807608003516	-3.5751573132770886	70.0	73.57515731327709	tp	130.0	133.5751573132771	tn
S071	2020-12-31	93.1046881658322	-3.5751573132770886	70.0	73.57515731327709	tn	130.0	133.5751573132771	tn
S072	2010-01-01	111.04920241320812	3.2030974665046728	70.0	66.79690253349533	tn	130.0	126.79690253349533	tn
S072	2012-03-14	77.34421785701247	3.2030974665046728	70.0	66.79690253349533	tn	130.0	126.79690253349533	tn
S072	2014-05-26	108.38903231206204	3.2030974665046728	70.0	66.79690253349533	tn	130.0	126.79690253349533	tn
S072	2016-08-07	108.80845426759116	3.2030974665046728	70.0	66.79690253349533	tn	130.0	126.79690253349533	tn
S072	2018-10-19	142.69042047046185	3.2030974665046728	70.0	66.79690253349533	tn	130.0	126.79690253349533	tp
S072	2020-12-31	89.3933705232869	3.2030974665046728	70.0	66.79690253349533	tn	130.0	126.79690253349533	tn
S073	2010-01-01	102.84289909420626	4.783443991360784	70.0	65.21655600863922	tn	130.0	125.21655600863922	tn
S073	2012-10-01	104.5429200767544	4.783443991360784	70.0	65.21655600863922	tn	130.0	125.21655600863922	tn
S073	2015-07-02	97.8119905293662	4.783443991360784	70.0	65.21655600863922	tn	130.0	125.21655600863922	tn
S073	2018-04-01	101.042377053867	4.783443991360784	70.0	65.21655600863922	tn	130.0	125.21655600863922	tn
S073	2020-12-31	107.75736692818607	4.783443991360784	70.0	65.21655600863922	tn	130.0	125.21655600863922	tn
S074	2010-01-01	105.07601549469534	3.2265210743179153	70.0	66.77347892568208	tn	130.0	126.77347892568208	tn
S074	2013-09-01	71.31009155778925	3.2265210743179153	70.0	66.77347892568208	tn	130.0	126.77347892568208	tn
S074	2017-05-02	96.8306564035454	3.2265210743179153	70.0	66.77347892568208	tn	130.0	126.77347892568208	tn
S074	2020-12-31	94.58625126036723	3.2265210743179153	70.0	66.77347892568208	tn	130.0	126.77347892568208	tn
S075	2010-01-01	84.49896682809562	-3.860084949073851	70.0	73.86008494907385	tn	130.0	133.86008494907384	tn
S075	2012-03-14	77.76154921515275	-3.860084949073851	70.0	73.86008494907385	tn	130.0	133.86008494907384	tn
S075	2014-05-26	88.53284799387426	-3.860084949073851	70.0	73.86008494907385	tn	130.0	133.86008494907384	tn
S075	2016-08-07	77.277239587504	-3.860084949073851	70.0	73.86008494907385	tn	130.0	133.86008494907384	tn
S075	2018-10-19	98.67903107947764	-3.860084949073851	70.0	73.86008494907385	tn	130.0	133.86008494907384	tn
S075	2020-12-31	76.58578670579347	-3.860084949073851	70.0	73.86008494907385	tn	130.0	133.86008494907384	tn
S076	2010-01-01	89.39758421097821	0.9798314518728262	70.0	69.02016854812717	tn	130.0	129.02016854812717	tn
S076	2013-09-01	98.62534649619542	0.9798314518728262	70.0	69.02016854812717	tn	130.0	129.02016854812717	tn
S076	2017-05-02	97.75071910668282	0.9798314518728262	70.0	69.02016854812717	tn	130.0	129.02016854812717	tn
S076	2020-12-31	126.9969711630331	0.9798314518728262	70.0	69.02016854812717	tn	130.0	129.02016854812717	tn
S077	2010-01-01	110.78369107221177	-8.19133184759896	70.0	78.19133184759896	tn	130.0	138.19133184759897	tn
S077	2013-09-01	71.6950142462206	-8.19133184759896	70.0	78.19133184759896	fn	130.0	138.19133184759897	tn
S077	2017-05-02	102.65589561155232	-8.19133184759896	70.0	78.19133184759896	tn	130.0	138.19133184759897	tn
S077	2020-12-31	133.26561212323736	-8.19133184759896	70.0	78.19133184759896	tn	130.0	138.19133184759897	fp
S078	2010-01-01	102.34216260156676	-0.8607727668792791	70.0	70.86077276687928	tn	130.0	130.86077276687928	tn
S078	2012-03-14	109.54539075865966	-0.8607727668792791	70.0	70.86077276687928	tn	130.0	130.86077276687928	tn
S078	2014-05-26	114.75754371374192	-0.8607727668792791	70.0	70.86077276687928	tn	130.0	130.86077276687928	tn
S078	2016-08-07	71.36146467067883	-0.8607727668792791	70.0	70.86077276687928	tn	130.0	130.86077276687928	tn
S078	2018-10-19	76.08856783716132	-0.8607727668792791	70.0	70.86077276687928	tn	130.0	130.86077276687928	tn
S078	2020-12-31	104.47783443031892	-0.8607727668792791	70.0	70.86077276687928	tn	130.0	130.86077276687928	tn
S079	2010-01-01	88.12361853274655	-0.06982530538009257	70.0	70.06982530538009	tn	130.0	130.0698253053801	tn
S079	2012-10-01	63.833273345328145	-0.06982530538009257	70.0	70.06982530538009	tp	130.0	130.0698253053801	tn
S079	2015-07-02	73.83102562836496	-0.06982530538009257	70.0	70.06982530538009	tn	130.0	130.0698253053801	tn
S079	2018-04-01	51.60609408656628	-0.06982530538009257	70.0	70.06982530538009	tp	130.0	130.0698253053801	tn
S079	2020-12-31	89.33935132178122	-0.06982530538009257	70.0	70.06982530538009	tn	130.0	130.0698253053801	tn
S080	2010-01-01	91.7492180806277	5.302404396130115	70.0	64.69759560386989	tn	130.0	124.69759560386989	tn
S080	2012-03-14	114.29934431280223	5.302404396130115	70.0	64.69759560386989	tn	130.0	124.69759560386989	tn
S080	2014-05-26	116.09395627510656	5.302404396130115	70.0	64.69759560386989	tn	130.0	124.69759560386989	tn
S080	2016-08-07	95.5603323770145	5.302404396130115	70.0	64.69759560386989	tn	130.0	124.69759560386989	tn
S080	2018-10-19	66.09575371520333	5.302404396130115	70.0	64.69759560386989	fp	130.0	124.69759560386989	tn
S080	2020-12-31	107.37538243474005	5.302404396130115	70.0	64.69759560386989	tn	130.0	124.69759560386989	tn
S081	2010-01-01	120.2757985247075	-1.7894879285134806	70.0	71.78948792851348	tn	130.0	131.7894879285135	tn
S081	2012-03-14	88.08118083817016	-1.7894879285134806	70.0	71.78948792851348	tn	130.0	131.7894879285135	tn
S081	2014-05-26	135.68493307786284	-1.7894879285134806	70.0	71.78948792851348	tn	130.0	131.7894879285135	tp
S081	2016-08-07	91.16218598795774	-1.7894879285134806	70.0	71.78948792851348	tn	130.0	131.7894879285135	tn
S081	2018-10-19	116.79194619309858	-1.7894879285134806	70.0	71.78948792851348	tn	130.0	131.7894879285135	tn
S081	2020-12-31	80.24338686888548	-1.7894879285134806	70.0	71.78948792851348	tn	130.0	131.7894879285135	tn
S082	2010-01-01	113.44288282817952	0.8788442086582506	70.0	69.12115579134175	tn	130.0	129.12115579134175	tn
S082	2011-11-01	86.78385578228675	0.8788442086582506	70.0	69.12115579134175	tn	130.0	129.12115579134175	tn
S082	2013-09-01	103.29619220429146	0.8788442086582506	70.0	69.12115579134175	tn	130.0	129.12115579134175	tn
S082	2015-07-02	94.25168395808818	0.8788442086582506	70.0	69.12115579134175	tn	130.0	129.12115579134175	tn
S082	2017-05-02	89.1229807872969	0.8788442086582506	70.0	69.12115579134175	tn	130.0	129.12115579134175	tn
S082	2019-03-02	111.15510800128985	0.8788442086582506	70.0	69.12115579134175	tn	130.0	129.12115579134175	tn
S082	2020-12-31	87.14747075752099	0.8788442086582506	70.0	69.12115579134175	tn	130.0	129.12115579134175	tn
S083	2010-01-01	90.4604948548907	-10.500728660492257	70.0	80.50072866049226	tn	130.0	140.50072866049226	tn
S083	2011-03-23	88.12525551980292	-10.500728660492257	70.0	80.50072866049226	tn	130.0	140.50072866049226	tn
S083	2012-06-11	58.68674517083372	-10.500728660492257	70.0	80.50072866049226	tp	130.0	140.50072866049226	tn
S083	2013-09-01	71.32748113324227	-10.500728660492257	70.0	80.50072866049226	fn	130.0	140.50072866049226	tn
S083	2014-11-21	73.46679868633159	-10.500728660492257	70.0	80.50072866049226	fn	130.0	140.50072866049226	tn
S083	2016-02-10	76.71057501265192	-10.500728660492257	70.0	80.50072866049226	fn	130.0	140.50072866049226	tn
S083	2017-05-02	61.55391509534202	-10.500728660492257	70.0	80.50072866049226	tp	130.0	140.50072866049226	tn
S083	2018-07-22	72.7670523025731	-10.500728660492257	70.0	80.50072866049226	fn	130.0	140.50072866049226	tn
S083	2019-10-11	71.26346164547238	-10.500728660492257	70.0	80.50072866049226	fn	130.0	140.50072866049226	tn
S083	2020-12-31	93.76561782079408	-10.500728660492257	70.0	80.50072866049226	tn	130.0	140.50072866049226	tn
S084	2010-01-01	105.9040562385702	-2.4866936248734675	70.0	72.48669362487347	tn	130.0	132.48669362487345	tn
S084	2011-11-01	102.21061617184148	-2.4866936248734675	70.0	72.48669362487347	tn	130.0	132.48669362487345	tn
S084	2013-09-01	110.19007779048914	-2.4866936248734675	70.0	72.48669362487347	tn	130.0	132.48669362487345	tn
S084	2015-07-02	95.8425864980688	-2.4866936248734675	70.0	72.48669362487347	tn	130.0	132.48669362487345	tn
S084	2017-05-02	90.88873187739082	-2.4866936248734675	70.0	72.48669362487347	tn	130.0	132.48669362487345	tn
S084	2019-03-02	93.98789497601668	-2.4866936248734675	70.0	72.48669362487347	tn	130.0	132.48669362487345	tn
S084	2020-12-31	98.56901565033058	-2.4866936248734675	70.0	72.48669362487347	tn	130.0	132.48669362487345	tn
S085	2010-01-01	99.31099710883292	-7.288103271465616	70.0	77.28810327146562	tn	130.0	137.28810327146562	tn
S085	2011-11-01	64.55878749010365	-7.288103271465616	70.0	77.28810327146562	tp	130.0	137.28810327146562	tn
S085	2013-09-01	88.74219267031779	-7.288103271465616	70.0	77.28810327146562	tn	130.0	137.28810327146562	tn
S085	2015-07-02	85.06622507308225	-7.288103271465616	70.0	77.28810327146562	tn	130.0	137.28810327146562	tn
S085	2017-05-02	93.48789228512932	-7.288103271465616	70.0	77.28810327146562	tn	130.0	137.28810327146562	tn
S085	2019-03-02	88.17118048052346	-7.288103271465616	70.0	77.28810327146562	tn	130.0	137.28810327146562	tn
S085	2020-12-31	66.56127280310282	-7.288103271465616	70.0	77.28810327146562	tp	130.0	137.28810327146562	tn
S086	2010-01-01	87.81746064520294	-5.362441830953529	70.0	75.36244183095353	tn	130.0	135.36244183095351	tn
S086	2012-10-01	102.80782080761098	-5.362441830953529	70.0	75.36244183095353	tn	130.0	135.36244183095351	tn
S086	2015-07-02	54.1632964457833	-5.362441830953529	70.0	75.36244183095353	tp	130.0	135.36244183095351	tn
S086	2018-04-01	92.56200570845203	-5.362441830953529	70.0	75.36244183095353	tn	130.0	135.36244183095351	tn
S086	2020-12-31	105.220437090743	-5.362441830953529	70.0	75.36244183095353	tn	130.0	135.36244183095351	tn
S087	2010-01-01	87.92370502447083	2.1751044029709163	70.0	67.82489559702908	tn	130.0	127.82489559702908	tn
S087	2011-07-28	96.67924824878472	2.1751044029709163	70.0	67.82489559702908	tn	130.0	127.82489559702908	tn
S087	2013-02-21	74.1560384633156	2.1751044029709163	70.0	67.82489559702908	tn	130.0	127.82489559702908	tn
S087	2014-09-18	63.30459161165476	2.1751044029709163	70.0	67.82489559702908	tp	130.0	127.82489559702908	tn
S087	2016-04-14	112.611228256317	2.1751044029709163	70.0	67.82489559702908	tn	130.0	127.82489559702908	tn
S087	2017-11-09	83.69481732207124	2.1751044029709163	70.0	67.82489559702908	tn	130.0	127.82489559702908	tn
S087	2019-06-06	91.6368235628864	2.1751044029709163	70.0	67.82489559702908	tn	130.0	127.82489559702908	tn
S087	2020-12-31	77.67310743888497	2.1751044029709163	70.0	67.82489559702908	tn	130.0	127.82489559702908	tn
S088	2010-01-01	83.292737467742	-9.126720805137523	70.0	79.12672080513752	tn	130.0	139.12672080513752	tn
S088	2011-05-18	74.95664505712655	-9.126720805137523	70.0	79.12672080513752	fn	130.0	139.12672080513752	tn
S088	2012-10-01	91.56986793908172	-9.126720805137523	70.0	79.12672080513752	tn	130.0	139.12672080513752	tn
S088	2014-02-15	92.68837925385512	-9.126720805137523	70.0	79.12672080513752	tn	130.0	139.12672080513752	tn
S088	2015-07-02	90.71304766403036	-9.126720805137523	70.0	79.12672080513752	tn	130.0	139.12672080513752	tn
S088	2016-11-15	89.4793148330879	-9.126720805137523	70.0	79.12672080513752	tn	130.0	139.12672080513752	tn
S088	2018-04-01	109.56682604313954	-9.126720805137523	70.0	79.12672080513752	tn	130.0	139.12672080513752	tn
S088	2019-08-16	69.88639643348796	-9.126720805137523	70.0	79.12672080513752	tp	130.0	139.12672080513752	tn
S088	2020-12-31	85.07627997611748	-9.126720805137523	70.0	79.12672080513752	tn	130.0	139.12672080513752	tn
S089	2010-01-01	90.00044346502729	-3.0111388594702504	70.0	73.01113885947025	tn	130.0	133.01113885947024	tn
S089	2012-03-14	106.64156658035785	-3.0111388594702504	70.0	73.01113885947025	tn	130.0	133.01113885947024	tn
S089	2014-05-26	131.6987146432048	-3.0111388594702504	70.0	73.01113885947025	tn	130.0	133.01113885947024	fp
S089	2016-08-07	118.94808478318188	-3.0111388594702504	70.0	73.01113885947025	tn	130.0	133.01113885947024	tn
S089	2018-10-19	114.25584367739248	-3.0111388594702504	70.0	73.01113885947025	tn	130.0	133.01113885947024	tn
S089	2020-12-31	108.06162780367605	-3.0111388594702504	70.0	73.01113885947025	tn	130.0	133.01113885947024	tn
S090	2010-01-01	100.4852766892774	-3.1856258508010313	70.0	73.18562585080103	tn	130.0	133.18562585080105	tn
S090	2012-03-14	92.37637886815529	-3.1856258508010313	70.0	73.18562585080103	tn	130.0	133.18562585080105	tn
S090	2014-05-26	95.52331142725588	-3.1856258508010313	70.0	73.18562585080103	tn	130.0	133.18562585080105	tn
S090	2016-08-07	97.3409713346481	-3.1856258508010313	70.0	73.18562585080103	tn	130.0	133.18562585080105	tn
S090	2018-10-19	85.99091781552005	-3.1856258508010313	70.0	73.18562585080103	tn	130.0	133.18562585080105	tn
S090	2020-12-31	104.14393135114412	-3.1856258508010313	70.0	73.18562585080103	tn	130.0	133.18562585080105	tn
S091	2010-01-01	134.0026343470039	0.862621494877331	70.0	69.13737850512267	tn	130.0	129.13737850512268	tp
S091	2012-03-14	117.7395951548706	0.862621494877331	70.0	69.13737850512267	tn	130.0	129.13737850512268	tn
S091	2014-05-26	137.80348514694293	0.862621494877331	70.0	69.13737850512267	tn	130.0	129.13737850512268	tp
S091	2016-08-07	129.8408085840721	0.862621494877331	70.0	69.13737850512267	tn	130.0	129.13737850512268	fn
S091	2018-10-19	140.57026809479115	0.862621494877331	70.0	69.13737850512267	tn	130.0	129.13737850512268	tp
S091	2020-12-31	146.77504513178587	0.862621494877331	70.0	69.13737850512267	tn	130.0	129.13737850512268	tp
S092	2010-01-01	118.90499550389448	-4.447508647342389	70.0	74.44750864734239	tn	130.0	134.44750864734237	tn
S092	2011-05-18	66.75974277085164	-4.447508647342389	70.0	74.44750864734239	tp	130.0	134.44750864734237	tn
S092	2012-10-01	125.78099564642216	-4.447508647342389	70.0	74.44750864734239	tn	130.0	134.44750864734237	tn
S092	2014-02-15	107.55014345606692	-4.447508647342389	70.0	74.44750864734239	tn	130.0	134.44750864734237	tn
S092	2015-07-02	118.09186151385954	-4.447508647342389	70.0	74.44750864734239	tn	130.0	134.44750864734237	tn
S092	2016-11-15	83.626075005059	-4.447508647342389	70.0	74.44750864734239	tn	130.0	134.44750864734237	tn
S092	2018-04-01	89.46266295360178	-4.447508647342389	70.0	74.44750864734239	tn	130.0	134.44750864734237	tn
S092	2019-08-16	104.11328558985342	-4.447508647342389	70.0	74.44750864734239	tn	130.0	134.44750864734237	tn
S092	2020-12-31	101.66864283761988	-4.447508647342389	70.0	74.44750864734239	tn	130.0	134.44750864734237	tn
S093	2010-01-01	76.35238115055715	-4.813855767897039	70.0	74.81385576789704	tn	130.0	134.81385576789705	tn
S093	2013-09-01	117.43797195585952	-4.813855767897039	70.0	74.81385576789704	tn	130.0	134.81385576789705	tn
S093	2017-05-02	102.9549145294688	-4.813855767897039	70.0	74.81385576789704	tn	130.0	134.81385576789705	tn
S093	2020-12-31	99.77395796323168	-4.813855767897039	70.0	74.81385576789704	tn	130.0	134.81385576789705	tn
S094	2010-01-01	92.83457768180406	11.118903278951493	70.0	58.88109672104851	tn	130.0	118.88109672104851	tn
S094	2011-03-23	49.07722989068553	11.118903278951493	70.0	58.88109672104851	tp	130.0	118.88109672104851	tn
S094	2012-06-11	95.0147578247318	11.118903278951493	70.0	58.88109672104851	tn	130.0	118.88109672104851	tn
S094	2013-09-01	62.907260124056215	11.118903278951493	70.0	58.88109672104851	fp	130.0	118.88109672104851	tn
S094	2014-11-21	86.0907163454132	11.118903278951493	70.0	58.88109672104851	tn	130.0	118.88109672104851	tn
S094	2016-02-10	83.50131509623229	11.118903278951493	70.0	58.88109672104851	tn	130.0	118.88109672104851	tn
S094	2017-05-02	102.83191986555934	11.118903278951493	70.0	58.88109672104851	tn	130.0	118.88109672104851	tn
S094	2018-07-22	82.60902012094274	11.118903278951493	70.0	58.88109672104851	tn	130.0	118.88109672104851	tn
S094	2019-10-11	74.8767692389661	11.118903278951493	70.0	58.88109672104851	tn	130.0	118.88109672104851	tn
S094	2020-12-31	77.68980721658305	11.118903278951493	70.0	58.88109672104851	tn	130.0	118.88109672104851	tn
S095	2010-01-01	106.94437796469924	-0.7067193841575801	70.0	70.70671938415758	tn	130.0	130.70671938415757	tn
S095	2011-05-18	109.18213138807894	-0.7067193841575801	70.0	70.70671938415758	tn	130.0	130.70671938415757	tn
S095	2012-10-01	89.22117132876494	-0.7067193841575801	70.0	70.70671938415758	tn	130.0	130.70671938415757	tn
S095	2014-02-15	118.55594070031977	-0.7067193841575801	70.0	70.70671938415758	tn	130.0	130.70671938415757	tn
S095	2015-07-02	86.33159207211466	-0.7067193841575801	70.0	70.70671938415758	tn	130.0	130.70671938415757	tn
S095	2016-11-15	124.00577467507848	-0.7067193841575801	70.0	70.70671938415758	tn	130.0	130.70671938415757	tn
S095	2018-04-01	114.65815157491564	-0.7067193841575801	70.0	70.70671938415758	tn	130.0	130.70671938415757	tn
S095	2019-08-16	148.53310468115546	-0.7067193841575801	70.0	70.70671938415758	tn	130.0	130.70671938415757	tp
S095	2020-12-31	96.22679438168204	-0.7067193841575801	70.0	70.70671938415758	tn	130.0	130.70671938415757	tn
S096	2010-01-01	125.9476946034396	-1.975137724084405	70.0	71.9751377240844	tn	130.0	131.9751377240844	tn
S096	2011-07-28	116.84422369396488	-1.975137724084405	70.0	71.9751377240844	tn	130.0	131.9751377240844	tn
S096	2013-02-21	88.53019831589516	-1.975137724084405	70.0	71.9751377240844	tn	130.0	131.9751377240844	tn
S096	2014-09-18	102.33289051519536	-1.975137724084405	70.0	71.9751377240844	tn	130.0	131.9751377240844	tn
S096	2016-04-14	99.00336943581998	-1.975137724084405	70.0	71.9751377240844	tn	130.0	131.9751377240844	tn
S096	2017-11-09	103.20271710050602	-1.975137724084405	70.0	71.9751377240844	tn	130.0	131.9751377240844	tn
S096	2019-06-06	88.49317254982121	-1.975137724084405	70.0	71.9751377240844	tn	130.0	131.9751377240844	tn
S096	2020-12-31	97.63357304908264	-1.975137724084405	70.0	71.9751377240844	tn	130.0	131.9751377240844	tn
S097	2010-01-01	90.76978634856034	2.4283035724890993	70.0	67.5716964275109	tn	130.0	127.5716964275109	tn
S097	2012-03-14	80.6081850575746	2.4283035724890993	70.0	67.5716964275109	tn	130.0	127.5716964275109	tn
S097	2014-05-26	59.79371288846104	2.4283035724890993	70.0	67.5716964275109	tp	130.0	127.5716964275109	tn
S097	2016-08-07	98.8474541900048	2.4283035724890993	70.0	67.5716964275109	tn	130.0	127.5716964275109	tn
S097	2018-10-19	89.48735181712489	2.4283035724890993	70.0	67.5716964275109	tn	130.0	127.5716964275109	tn
S097	2020-12-31	73.1292497817182	2.4283035724890993	70.0	67.5716964275109	tn	130.0	127.5716964275109	tn
S098	2010-01-01	74.68395448989179	-1.9944430940326896	70.0	71.99444309403269	tn	130.0	131.9944430940327	tn
S098	2011-03-23	81.8128436149508	-1.9944430940326896	70.0	71.99444309403269	tn	130.0	131.9944430940327	tn
S098	2012-06-11	89.12682533626227	-1.9944430940326896	70.0	71.99444309403269	tn	130.0	131.9944430940327	tn
S098	2013-09-01	115.62030771582164	-1.9944430940326896	70.0	71.99444309403269	tn	130.0	131.9944430940327	tn
S098	2014-11-21	87.60144466830722	-1.9944430940326896	70.0	71.99444309403269	tn	130.0	131.9944430940327	tn
S098	2016-02-10	106.79720042155074	-1.9944430940326896	70.0	71.99444309403269	tn	130.0	131.9944430940327	tn
S098	2017-05-02	89.11925248869566	-1.9944430940326896	70.0	71.99444309403269	tn	130.0	131.9944430940327	tn
S098	2018-07-22	100.91320894439748	-1.9944430940326896	70.0	71.99444309403269	tn	130.0	131.9944430940327	tn
S098	2019-10-11	95.07306299946234	-1.9944430940326896	70.0	71.99444309403269	tn	130.0	131.9944430940327	tn
S098	2020-12-31	110.28984453301052	-1.9944430940326896	70.0	71.99444309403269	tn	130.0	131.9944430940327	tn
S099	2010-01-01	92.3231371907426	-1.00863184959519	70.0	71.00863184959519	tn	130.0	131.0086318495952	tn
S099	2012-10-01	73.92265114735994	-1.00863184959519	70.0	71.00863184959519	tn	130.0	131.0086318495952	tn
S099	2015-07-02	86.67372420867306	-1.00863184959519	70.0	71.00863184959519	tn	130.0	131.0086318495952	tn
S099	2018-04-01	75.91598705764363	-1.00863184959519	70.0	71.00863184959519	tn	130.0	131.0086318495952	tn
S099	2020-12-31	100.8050668530077	-1.00863184959519	70.0	71.00863184959519	tn	130.0	131.0086318495952	tn
S100	2010-01-01	130.9614166018157	-0.6455835552580282	70.0	70.64558355525803	tn	130.0	130.64558355525804	tp
S100	2011-07-28	69.27659942436225	-0.6455835552580282	70.0	70.64558355525803	tp	130.0	130.64558355525804	tn
S100	2013-02-21	98.39681603206624	-0.6455835552580282	70.0	70.64558355525803	tn	130.0	130.64558355525804	tn
S100	2014-09-18	78.42302299883418	-0.6455835552580282	70.0	70.64558355525803	tn	130.0	130.64558355525804	tn
S100	2016-04-14	87.94129824567905	-0.6455835552580282	70.0	70.64558355525803	tn	130.0	130.64558355525804	tn
S100	2017-11-09	97.4636104515274	-0.6455835552580282	70.0	70.64558355525803	tn	130.0	130.64558355525804	tn
S100	2019-06-06	60.46174772830492	-0.6455835552580282	70.0	70.64558355525803	tp	130.0	130.64558355525804	tn
S100	2020-12-31	98.89471010323965	-0.6455835552580282	70.0	70.64558355525803	tn	130.0	130.64558355525804	tn
